cenario,T,K_s,K_r,K_n,c1,c2,pi_u,pi_c,gamma,seed,custo_total,energia_nao_suprida,curtailment_total,lambda_medio,lambda_p95
LHS#0,24,209.67857852832228,150.89972085635407,209.54433756617505,483.74017677598175,1.0,29789.02929285175,10.0,0.0,42,131968257.828056,4334.875911045848,0.0,0.0,0.0
LHS#1,24,272.0583781678206,100.51093918049389,202.09171368244535,351.3248431784427,1.0,34707.66002354174,10.0,0.0,42,162346138.9389732,4619.378752626104,0.0,0.0,0.0
LHS#2,24,186.6037745464668,143.49083965568997,293.46870663529467,423.61242080317305,1.0,32064.124062488936,10.0,0.0,42,97164233.12585828,2916.4487359477516,0.0,0.0,0.0
LHS#3,24,56.97406415254225,105.23345823036779,175.45923234075138,376.8272858352754,1.0,16864.10070906113,10.0,0.0,42,111394566.63015874,6489.424451411691,0.0,0.0,0.0
LHS#4,24,312.4429712947657,313.1951455888318,302.86731312665677,156.9627745976681,1.0,19909.73819531273,10.0,0.0,42,35613194.084222205,1709.2593990395058,17.346937100968603,0.0,0.0
LHS#5,24,140.0540648058689,186.12047551152116,153.9854228208833,100.24529965149941,1.0,33135.87271641623,10.0,0.0,42,190074632.09540677,5716.451895947948,0.0,0.0,0.0
LHS#6,24,269.043670472391,111.6172112090739,213.987743513591,229.67832046735353,1.0,18784.641534826005,10.0,0.0,42,82810911.67791626,4324.916469073494,0.0,0.0,0.0
LHS#7,24,178.687204653232,280.3335258465779,169.77840213913095,201.60285965879925,1.0,21140.15310871723,10.0,0.0,42,93116208.64610207,4350.78960694875,0.0,0.0,0.0
LHS#8,24,150.79320888937968,243.30764815926983,138.54186083982384,443.4084122956553,1.0,9336.61977919128,10.0,0.0,42,53394961.215068996,5536.296993327007,0.0,0.0,0.0
LHS#9,24,341.5969094579889,96.45828408020593,379.26670604390455,403.4367500529862,1.0,6788.978902372592,10.0,0.0,42,16415791.207475156,1843.7831614283432,0.0,0.0,0.0
LHS#10,24,122.59738764840799,71.10142525853728,81.35883397682404,406.53952468806614,1.0,2338.8182996909613,10.0,0.0,42,20837922.151545335,8536.224073127793,0.0,0.0,0.0
LHS#11,24,388.9501946687836,201.8482387149017,100.47694268589308,394.38091843404385,1.0,23901.879352070617,10.0,0.0,42,131858615.63113315,5479.250045780252,78.39319257112385,0.0,0.0
LHS#12,24,336.22721364169956,193.9494459907069,181.69120249520287,402.1512219250516,1.0,2779.4400616762277,10.0,0.0,42,13535617.603580687,4229.552379772298,2.8060586266153678,0.0,0.0
LHS#13,24,64.34241848449224,281.0439376431165,244.25418415658254,65.45825115448626,1.0,26884.690397149192,10.0,0.0,42,91821075.26170398,3374.8739330645285,0.0,0.0,0.0
LHS#14,24,239.74866300746677,214.43269592337674,233.31388467617995,113.04209193772243,1.0,17788.21583064718,10.0,0.0,42,61264823.188609324,3380.939170433917,0.0,0.0,0.0
LHS#15,24,300.14488971036826,71.81978195639587,291.7925177392443,190.25321545515388,1.0,6973.748724585237,10.0,0.0,42,24676756.367867928,3265.2153299590414,0.0,0.0,0.0
LHS#16,24,286.41290049687825,156.430782799606,391.60790992452945,412.05310536704206,1.0,26308.18099280592,10.0,0.0,42,40359164.33708659,1374.3192039113087,0.0,0.0,0.0
LHS#17,24,83.43132634981505,304.03484699964685,279.3827113755599,167.25953042569256,1.0,32649.258722262337,10.0,0.0,42,79287411.91350473,2368.027389071973,0.0,0.0,0.0
LHS#18,24,364.76263270106153,177.79947176362327,219.88935857619921,181.12212933613563,1.0,8096.978198966345,10.0,0.0,42,31032452.9676396,3687.73145816121,26.15093651258826,0.0,0.0
LHS#19,24,102.6668505127499,76.60558442592007,271.30785386074234,187.0943741281964,1.0,18482.53888567435,10.0,0.0,42,77592837.50969528,4084.536009002708,0.0,0.0,0.0
LHS#20,24,360.354070952291,52.705266635018816,153.66872199474204,368.22509203195017,1.0,15879.69332684287,10.0,0.0,42,90383960.6491302,5601.173806247598,0.0,0.0,0.0
LHS#21,24,295.68724504859176,128.08206081107642,214.8355282489575,268.3059042787685,1.0,23378.121720139017,10.0,0.0,42,98802268.93663959,4154.142996406472,0.0,0.0,0.0
LHS#22,24,108.77071856481662,294.6505818425885,310.7717821217463,117.9980499593359,1.0,34216.34391118157,10.0,0.0,42,63836020.588608764,1811.8566661447226,0.0,0.0,0.0
LHS#23,24,373.3756243633468,167.568334957214,226.20749466213192,84.4232525233094,1.0,35672.948560417244,10.0,0.0,42,130679069.1311462,3640.8273224223576,31.475679159888386,0.0,0.0
LHS#24,24,75.99008582007643,148.84556314387066,95.06954557082979,70.1781975898611,1.0,7435.4789395190755,10.0,0.0,42,59139085.39293569,7917.513293408714,0.0,0.0,0.0
LHS#25,24,323.7742299655469,78.783011464492,284.59481794632563,420.961993444438,1.0,5913.329372762358,10.0,0.0,42,22672789.128477573,3311.552899313038,0.0,0.0,0.0
LHS#26,24,151.55774122379052,103.6597225398981,272.99724849412655,390.1568777544281,1.0,28770.604721697284,10.0,0.0,42,107890270.01121724,3634.1299369292396,0.0,0.0,0.0
LHS#27,24,335.043221052186,85.26240501895376,61.063114343182825,360.2476817675035,1.0,35012.7371434878,10.0,0.0,42,257737852.1275567,7345.277599132986,0.0,0.0,0.0
LHS#28,24,240.37743756041496,51.884426866029365,132.68177433793448,478.7614269489334,1.0,7703.1433852061955,10.0,0.0,42,52414528.97087002,6578.966925970626,0.0,0.0,0.0
LHS#29,24,131.18623346961527,265.367377176985,289.30391659761483,358.6530156641896,1.0,36197.42043357764,10.0,0.0,42,86060518.52282894,2287.741579287286,0.0,0.0,0.0
LHS#30,24,124.40588781378487,73.35094931871916,290.5174833816003,390.68599744807125,1.0,15038.464770904378,10.0,0.0,42,57918849.35004078,3608.378278432654,0.0,0.0,0.0
LHS#31,24,95.75304158073835,273.6005356161815,313.8369918663085,422.0332255202759,1.0,4812.255531164363,10.0,0.0,42,13229573.070320792,1901.9981128088007,0.0,0.0,0.0
LHS#32,24,158.04003273034817,223.8149569698632,145.63868715606105,374.6721871160146,1.0,9780.044520368036,10.0,0.0,42,55079521.31707432,5471.896504005974,0.0,0.0,0.0
LHS#33,24,206.85700569651573,275.54130385204826,186.7938356150266,273.2747106835285,1.0,36619.97412338944,10.0,0.0,42,144595688.52216542,3906.150117782522,0.0,0.0,0.0
LHS#34,24,244.3600489978196,134.84693110326094,70.41467577627363,302.5077903943197,1.0,27836.515604949716,10.0,0.0,42,205484068.65200225,7361.314509681658,0.0,0.0,0.0
LHS#35,24,340.0842086708728,204.63539712152775,98.72339564460977,463.5598259283551,1.0,29257.522061054297,10.0,0.0,42,166427761.5981294,5651.348395792648,10.097478289626906,0.0,0.0
LHS#36,24,81.113870198294,66.09812808332072,93.49391566563474,112.596396854772,1.0,27287.206294157728,10.0,0.0,42,234954148.99894792,8597.31125458654,0.0,0.0,0.0
LHS#37,24,238.0366331197238,56.61118866304268,219.05084357986368,311.3039073338024,1.0,23586.312417644425,10.0,0.0,42,113188972.00612146,4709.879649812079,0.0,0.0,0.0
LHS#38,24,166.92211196751248,88.06663109634282,62.19039592039748,331.29148779357274,1.0,8636.628779679548,10.0,0.0,42,74161785.38253596,8524.263337638578,0.0,0.0,0.0
LHS#39,24,289.531726674546,189.16050946221623,353.24374596697703,325.7159434493792,1.0,31387.85557356858,10.0,0.0,42,56662408.64037313,1704.2009794778053,0.0,0.0,0.0
LHS#40,24,352.7816715318651,234.6382301879309,177.74530464572115,363.9502781784866,1.0,6178.923169983152,10.0,0.0,42,26386493.114399232,4022.152443212858,32.4377392232206,0.0,0.0
LHS#41,24,261.9391752912676,305.8567439596282,331.5830633508436,77.05071028165625,1.0,28433.521671597016,10.0,0.0,42,40738942.014322445,1384.4548498016086,0.0,0.0,0.0
LHS#42,24,147.47848940574409,171.64590068030262,117.22325071706987,449.21994434406645,1.0,22525.448701534486,10.0,0.0,42,151494871.70758805,6662.071938187415,0.0,0.0,0.0
LHS#43,24,367.7048291415023,121.94839327870893,114.68479587814606,90.51013065812168,1.0,39668.89946685937,10.0,0.0,42,231795049.72675592,5834.364514236915,11.142805703096144,0.0,0.0
LHS#44,24,99.88968986031301,110.06587935409996,110.11802751335595,285.65253861598154,1.0,18064.719218205588,10.0,0.0,42,139925554.05514032,7695.946377991424,0.0,0.0,0.0
LHS#45,24,393.1934327224295,84.11563309347993,190.60290450814935,54.75809927699171,1.0,15961.179992964562,10.0,0.0,42,75664092.88968317,4707.118082811528,24.472101988345628,0.0,0.0
LHS#46,24,267.08644444676065,230.971357680487,356.5712949451086,254.92555084761145,1.0,23977.451171554887,10.0,0.0,42,37292916.65595775,1440.7706105172426,0.0,0.0,0.0
LHS#47,24,354.0193642625197,312.07199598468407,361.7441769340989,295.87002368778906,1.0,11783.145180030046,10.0,0.0,42,14588298.691124834,1011.785567896357,65.84272520409928,0.0,0.0
LHS#48,24,387.93545895141915,91.57395205904027,398.9488155706999,333.42376110675065,1.0,38934.07994353973,10.0,0.0,42,65842938.55957038,1601.8940745683503,21.611203973040688,0.0,0.0
LHS#49,24,296.3836152284289,144.0871803132685,133.2367965273797,149.83265231615712,1.0,4415.1584899193895,10.0,0.0,42,25230317.18425053,5568.083616136069,0.0,0.0,0.0
LHS#50,24,115.2869787344323,102.63053807039071,325.5841701757299,315.66783294769533,1.0,26498.981805955955,10.0,0.0,42,76688569.63215148,2759.5896733442924,0.0,0.0,0.0
LHS#51,24,106.97455204916312,282.0418504206766,122.27066619100763,437.3559170583689,1.0,32436.73194996423,10.0,0.0,42,194039873.50588578,5937.005405755042,0.0,0.0,0.0
LHS#52,24,172.75948489996892,97.43831077252045,346.01990710776766,293.3762418906723,1.0,16492.985920646213,10.0,0.0,42,42779876.59783368,2387.1183618205678,0.0,0.0,0.0
LHS#53,24,232.23149692431994,247.595370227773,116.0096605428285,221.94180200960966,1.0,24970.126238432622,10.0,0.0,42,137180074.40458593,5462.966348797461,0.0,0.0,0.0
LHS#54,24,376.0433286871132,82.80171082126701,164.5859332892632,297.94932349693084,1.0,24268.55402541483,10.0,0.0,42,126962510.9729558,5180.089985764118,6.899708260385921,0.0,0.0
LHS#55,24,78.85029858348415,284.1703111110005,391.886963449439,313.67587487081414,1.0,3713.9546712748133,10.0,0.0,42,7155823.048275741,841.8871172525451,0.0,0.0,0.0
LHS#56,24,185.8844005851086,152.84007820057872,257.3714777538231,217.14159408814731,1.0,21459.22565796655,10.0,0.0,42,76446823.0431565,3469.076988741156,0.0,0.0,0.0
LHS#57,24,270.9791391524875,125.4461448030165,101.76561730358527,71.38531369451206,1.0,10054.587164254515,10.0,0.0,42,65688976.084457114,6503.817349680239,0.0,0.0,0.0
LHS#58,24,309.8783331353203,70.36240680510217,104.76684653192295,338.5725174441334,1.0,25667.462489006055,10.0,0.0,42,171787709.003107,6655.859413253265,0.0,0.0,0.0
LHS#59,24,310.7710203193796,183.8170721830274,120.83963700367912,388.00584116492576,1.0,21919.382302515827,10.0,0.0,42,121182301.93936256,5474.061754716388,0.0,0.0,0.0
LHS#60,24,266.2977430626363,131.6530415636003,368.78002051499186,75.95706159109075,1.0,9074.331917821128,10.0,0.0,42,18174546.687780432,1814.8806779869342,0.0,0.0,0.0
LHS#61,24,193.93956703595427,235.81416409632467,224.86831191089635,93.54785788405195,1.0,2490.2525631819317,10.0,0.0,42,9701765.45538295,3480.823309947668,0.0,0.0,0.0
LHS#62,24,176.53751143090398,42.43587942212768,281.9166277584941,230.5866187172277,1.0,12976.253086244593,10.0,0.0,42,51762218.52479716,3804.5682195285235,0.0,0.0,0.0
LHS#63,24,159.6830888902374,64.81878441807117,91.5716733312983,124.54227335145201,1.0,23423.93858509997,10.0,0.0,42,189278545.4433246,8064.579371903583,0.0,0.0,0.0
LHS#64,24,103.71590340276595,272.1108966133428,64.94363581965601,115.97055436622115,1.0,13491.794413664404,10.0,0.0,42,100326445.08019659,7418.95945894741,0.0,0.0,0.0
LHS#65,24,278.7083802472188,59.24455028194277,182.68422715631218,439.0317852490666,1.0,17247.481726072045,10.0,0.0,42,92878508.68736151,5257.948590875437,0.0,0.0,0.0
LHS#66,24,325.7540922249303,298.00082893296513,119.36401357448366,154.91544773036702,1.0,16987.532284230765,10.0,0.0,42,79393395.61172846,4642.566536148568,25.774661618553978,0.0,0.0
LHS#67,24,379.83211488433744,158.27685443594982,318.96179115517975,226.65245123217593,1.0,8328.798127781109,10.0,0.0,42,21488745.003243987,2331.5384268611647,35.10389421203064,0.0,0.0
LHS#68,24,320.3804990795534,188.2481284751746,395.31068591841074,210.6363800089808,1.0,16701.31742776766,10.0,0.0,42,22536903.43463995,1191.4236565683095,0.0,0.0,0.0
LHS#69,24,292.16655839628976,57.15236740368975,359.89464661043064,215.82618205236508,1.0,28708.75928053579,10.0,0.0,42,70064556.34806213,2348.726168744081,0.0,0.0,0.0
LHS#70,24,234.18662811592705,74.98939145500017,275.1019431791286,467.9158193922153,1.0,12411.383727167073,10.0,0.0,42,48088114.013848,3584.03784519485,0.0,0.0,0.0
LHS#71,24,165.73351005617496,129.34437522723837,55.4497776889976,435.92142840021603,1.0,35308.63135866685,10.0,0.0,42,295639495.47318643,8355.534215730773,0.0,0.0,0.0
LHS#72,24,235.01376603313216,239.2157149202336,266.4942894500674,50.39253863579532,1.0,12718.734649697397,10.0,0.0,42,35320236.98533249,2701.325621406625,0.0,0.0,0.0
LHS#73,24,332.27059885318926,151.85918694919928,311.3397320818304,92.88294847862736,1.0,4182.999433279512,10.0,0.0,42,11755415.579597304,2487.49872942601,0.0,0.0,0.0
LHS#74,24,184.23868112611282,240.06489518870555,232.19467946398578,477.4122641794219,1.0,21078.147339757703,10.0,0.0,42,73572963.59879272,3342.4273515926307,0.0,0.0,0.0
LHS#75,24,210.89498253025278,256.21051108430515,97.61091570735005,418.4583970003572,1.0,27144.21540834092,10.0,0.0,42,162920016.45309675,5961.68917585987,0.0,0.0,0.0
LHS#76,24,94.8460240271713,210.5805686128927,191.91783627359985,445.12349330765534,1.0,35526.78207331591,10.0,0.0,42,178139132.8889054,4944.0698499183945,0.0,0.0,0.0
LHS#77,24,359.826791290657,189.57808500733938,236.30583178197094,367.4448847625865,1.0,20933.075002118516,10.0,0.0,42,72380645.24202392,3357.2915570285195,25.000697242923195,0.0,0.0
LHS#78,24,287.8940071256036,76.06553824648763,256.3603975835754,234.9673376164855,1.0,29186.385489702592,10.0,0.0,42,113371218.01610433,3819.0420641711626,0.0,0.0,0.0
LHS#79,24,315.59973686117286,135.25280369683236,127.5058673189362,309.12409017489216,1.0,12551.717474746554,10.0,0.0,42,72226608.58490236,5670.364584908522,0.0,0.0,0.0
LHS#80,24,274.3861699492062,285.6753227492116,113.0516450452404,280.30478425396683,1.0,22664.497906382272,10.0,0.0,42,115126367.08688356,5041.988564882226,0.0,0.0,0.0
LHS#81,24,290.85741697361004,310.7605691071915,66.56816966650567,396.89249801740397,1.0,32687.600924444097,10.0,0.0,42,188427458.21765077,5744.629109545214,0.0,0.0,0.0
LHS#82,24,113.96897249925928,119.72140396120172,217.0083899704828,382.63151503093445,1.0,13833.003466089702,10.0,0.0,42,70969970.54375233,4945.566379633683,0.0,0.0,0.0
LHS#83,24,189.48549577121182,251.8637126272948,131.35504778509886,491.98933071703243,1.0,29677.796485289586,10.0,0.0,42,160655430.75259024,5354.208713044398,0.0,0.0,0.0
LHS#84,24,212.3885073780467,267.12558133565847,378.697575127854,370.95862247751825,1.0,15193.173598719157,10.0,0.0,42,19446023.048299402,1026.7489452245043,0.0,0.0,0.0
LHS#85,24,90.85069296508077,194.76166000508286,239.65210751484412,283.7429386679911,1.0,25094.015956612806,10.0,0.0,42,101879741.6347355,3967.6105930684485,0.0,0.0,0.0
LHS#86,24,396.0293056068469,314.2080339303261,375.09619785270286,427.6094963424906,1.0,8467.76230746971,10.0,0.0,42,10801211.762176614,870.793255962632,179.90190495659112,0.0,0.0
LHS#87,24,256.0441514139975,67.1253269451111,348.15253440399323,480.75393102263354,1.0,16278.00822449571,10.0,0.0,42,44669150.66705637,2467.475501669752,0.0,0.0,0.0
LHS#88,24,116.55820622115093,89.91650101101891,231.69286003770938,457.0868302895729,1.0,4338.471020816207,10.0,0.0,42,24092079.892403703,4818.7969207346305,0.0,0.0,0.0
LHS#89,24,171.00116134989642,240.97359645427036,358.34146185566044,131.6722956854267,1.0,34840.062996727,10.0,0.0,42,50877676.51043677,1398.7419502157722,0.0,0.0,0.0
LHS#90,24,105.26759111908231,98.83609642051647,65.4937404435672,407.3913463385574,1.0,29610.881419847894,10.0,0.0,42,261828054.58556357,8818.927735659152,0.0,0.0,0.0
LHS#91,24,222.36643694270293,158.62182435106206,381.4380972612832,171.13284288667018,1.0,37257.020503639615,10.0,0.0,42,58466041.48253835,1500.4355644235548,0.0,0.0,0.0
LHS#92,24,200.06162617224985,221.96089494437834,386.4199473507836,415.9086223095054,1.0,5610.476975951236,10.0,0.0,42,10827140.43795491,1144.4366176301974,0.0,0.0,0.0
LHS#93,24,155.24079263548617,40.35484935268498,258.2932807482541,451.3700890849081,1.0,3386.665549749895,10.0,0.0,42,18343077.352092974,4368.18349183899,0.0,0.0,0.0
LHS#94,24,350.99078774079,86.20121585349774,335.04999715808225,105.47164881714353,1.0,37837.900621015164,10.0,0.0,42,96838377.34292549,2517.551532173112,0.0,0.0,0.0
LHS#95,24,192.31514384114917,55.138816408134886,381.274166824365,341.68174042418497,1.0,9707.807705169977,10.0,0.0,42,24419648.89439649,2090.1981921664174,0.0,0.0,0.0
LHS#96,24,247.2459177720544,88.71470313860193,341.9946199571554,260.8376162227534,1.0,20483.92217457876,10.0,0.0,42,52803491.00638122,2436.1582583862837,0.0,0.0,0.0
LHS#97,24,59.32430243440222,159.56406637398948,389.6530597500902,246.1851853218194,1.0,10319.885771555486,10.0,0.0,42,19058921.188769955,1481.656004987224,0.0,0.0,0.0
LHS#98,24,299.1958645172558,172.89992055618916,297.6431712242065,111.21021333829927,1.0,19350.204763968162,10.0,0.0,42,51164589.55622704,2570.8478284713165,0.0,0.0,0.0
LHS#99,24,51.139483061147835,268.33498081844357,103.29661163141768,475.2243447705735,1.0,11223.269311987175,10.0,0.0,42,79015398.76555115,6923.937827362732,0.0,0.0,0.0
LHS#100,24,117.96540749047992,62.56384199796314,82.43112122159026,116.98336138435884,1.0,12385.272107613608,10.0,0.0,42,107017529.47049528,8615.439063023423,0.0,0.0,0.0
LHS#101,24,136.20440096753106,276.2271674047613,335.9632027518757,189.23927248019177,1.0,33853.01085098031,10.0,0.0,42,54112220.14047371,1525.616465295317,0.0,0.0,0.0
LHS#102,24,218.7383709675827,199.14067736609238,126.08561474243375,186.31311383693114,1.0,25738.291310199213,10.0,0.0,42,147505327.98433775,5701.806680360158,0.0,0.0,0.0
LHS#103,24,200.63555184658048,279.2482354533206,301.79261651230627,241.21252233312558,1.0,20120.89792075008,10.0,0.0,42,41793120.05125515,1959.8180696030504,0.0,0.0,0.0
LHS#104,24,154.21271957810313,302.12091678811504,155.11301761339408,255.5646420674424,1.0,11491.853384174065,10.0,0.0,42,54674128.068905324,4650.475957863191,0.0,0.0,0.0
LHS#105,24,79.28624315718558,123.83282516428667,295.5262108517368,384.85771110947115,1.0,19141.56028571912,10.0,0.0,42,67614031.23355119,3336.6797135117786,0.0,0.0,0.0
LHS#106,24,180.13899769360393,171.59226667246807,172.0666694555755,148.24784565226545,1.0,32832.753683256626,10.0,0.0,42,168833365.79410538,5112.867714191598,0.0,0.0,0.0
LHS#107,24,276.2692047962365,219.62898656879926,372.58201865997785,67.61950670485548,1.0,31037.656710487325,10.0,0.0,42,41967681.397375874,1301.2242816314238,0.0,0.0,0.0
LHS#108,24,69.99261130697268,310.6326164102984,305.348700491384,251.8850769999228,1.0,38439.57073976,10.0,0.0,42,75208858.80561139,1883.443083742627,0.0,0.0,0.0
LHS#109,24,171.4002247451367,257.3347203616566,165.8149848347419,173.19804240885065,1.0,20626.180115433915,10.0,0.0,42,96890521.79536578,4648.628184769443,0.0,0.0,0.0
LHS#110,24,162.49682502380597,118.96836618720064,393.6230428230911,303.6861680872664,1.0,13984.988778327126,10.0,0.0,42,25885397.635492057,1567.1752655906741,0.0,0.0,0.0
LHS#111,24,366.5622740599001,225.1252933421169,288.7979073896066,371.9352337852544,1.0,36299.15587151083,10.0,0.0,42,89075890.57312411,2383.6470975331504,44.46740754332444,0.0,0.0
LHS#112,24,84.03611047897701,160.86693572705417,92.66338303339234,80.26226967668762,1.0,3816.4943462804704,10.0,0.0,42,30111461.967592254,7816.054281198046,0.0,0.0,0.0
LHS#113,24,285.59612529482484,296.73491275766025,221.26386465422016,276.00337684305146,1.0,23740.179003762118,10.0,0.0,42,73195183.37766244,3013.1312482798394,0.0,0.0,0.0
LHS#114,24,58.001572176992724,133.38046354105114,140.91088573201097,327.3497271332954,1.0,15088.516422813975,10.0,0.0,42,108163397.3605847,7079.4286512220515,0.0,0.0,0.0
LHS#115,24,397.3086582525793,259.24662527753685,185.24744011493507,242.42862234918113,1.0,14658.448933517238,10.0,0.0,42,55349193.72768305,3701.11131833765,138.06985595073428,0.0,0.0
LHS#116,24,126.2446268613665,224.1467656846784,73.12744064358577,227.17490136098493,1.0,3119.9503966098982,10.0,0.0,42,23700113.33774565,7447.950657591955,0.0,0.0,0.0
LHS#117,24,54.269853405952674,87.37165794672563,187.91848829956,495.5244174320339,1.0,28906.33134525792,10.0,0.0,42,186432408.11820915,6357.562598924384,0.0,0.0,0.0
LHS#118,24,220.7106093359803,179.98966760533844,86.23549677394226,101.95105757308423,1.0,14855.285349439397,10.0,0.0,42,101135232.96901833,6787.81919457796,0.0,0.0,0.0
LHS#119,24,362.1385756764431,69.79810532100302,242.9307069365228,177.6949178492988,1.0,2160.062308541512,10.0,0.0,42,9992243.88363619,3992.399172004817,0.0,0.0,0.0
LHS#120,24,131.9479261319603,289.1220274790991,192.98767648733394,379.8044811640771,1.0,33788.15835574483,10.0,0.0,42,138856190.09789374,4045.1635257531616,0.0,0.0,0.0
LHS#121,24,222.93230667134569,215.50051140195626,164.0669334317239,126.29694719259435,1.0,25892.15429670282,10.0,0.0,42,123216476.94769524,4728.368841191377,0.0,0.0,0.0
LHS#122,24,302.9030728478409,207.71436685538967,136.6355693682125,88.5365810919241,1.0,11510.654205128398,10.0,0.0,42,58217570.4361256,5017.594299937246,0.0,0.0,0.0
LHS#123,24,128.71835248914152,137.97684790764316,79.62480559112109,453.81539507729053,1.0,22449.272402889328,10.0,0.0,42,180133831.02183235,7982.018632381587,0.0,0.0,0.0
LHS#124,24,317.4042564466266,47.728982112101484,296.5487789191084,52.94611886776757,1.0,32353.222202727633,10.0,0.0,42,108525108.51737383,3319.9774403263254,0.0,0.0,0.0
LHS#125,24,201.89822803776815,170.1163334579936,60.34727342971293,277.3405820469284,1.0,28158.5625417571,10.0,0.0,42,215335879.97123,7631.44411868069,0.0,0.0,0.0
LHS#126,24,313.7286534509292,213.09918709588436,328.9388327998909,290.7619660575094,1.0,18890.257222588793,10.0,0.0,42,38588355.15756146,1903.7763455344698,0.0,0.0,0.0
LHS#127,24,225.22299874406832,290.1002677141264,122.74721088721303,54.29563650616188,1.0,12141.307659128253,10.0,0.0,42,61501385.75985994,5038.265172687255,0.0,0.0,0.0
LHS#128,24,120.66781520705891,269.6462790937526,309.3278654418922,319.43144716038125,1.0,26193.114573159237,10.0,0.0,42,54822389.946189806,1970.310463007648,0.0,0.0,0.0
LHS#129,24,180.9247648774559,176.96454414841858,57.85845549304628,159.04213953383623,1.0,9391.13897289498,10.0,0.0,42,73438613.70781937,7792.1960613425945,0.0,0.0,0.0
LHS#130,24,331.03250197523863,124.03314123221482,151.84703721000503,405.1624169520959,1.0,31623.067924531482,10.0,0.0,42,166854237.15593556,5227.046469115636,0.0,0.0,0.0
LHS#131,24,357.56931699219695,291.0959780050064,351.16524439810513,335.846216071218,1.0,24912.463493338633,10.0,0.0,42,33179044.89833666,1217.4828007814801,61.707541039198986,0.0,0.0
LHS#132,24,242.35854310890954,307.15510428037396,377.750670500612,222.81514553549536,1.0,23150.83051139493,10.0,0.0,42,22799802.22916229,872.0074634003881,0.0,0.0,0.0
LHS#133,24,52.8478404757291,300.58638739584876,269.9025651794755,121.38727778297256,1.0,38548.11112519828,10.0,0.0,42,106948761.41894719,2732.152223680413,0.0,0.0,0.0
LHS#134,24,269.76643038042084,95.06971128386547,159.4755717205041,497.8590150992868,1.0,22882.856472122072,10.0,0.0,42,128027123.6852256,5502.201707521481,0.0,0.0,0.0
LHS#135,24,73.18612795419257,231.92226806475594,338.2980932575877,448.8841689779103,1.0,19627.66675390113,10.0,0.0,42,40111335.525488906,1802.6409287144638,0.0,0.0,0.0
LHS#136,24,359.1331293644093,306.4658024907886,223.13949356632324,207.53279641566206,1.0,13048.400880718524,10.0,0.0,42,38437481.894355334,2849.9788811821472,72.85864303003706,0.0,0.0
LHS#137,24,148.4251353127321,262.4612613062351,125.50379605205414,120.37791810447358,1.0,39454.34176475349,10.0,0.0,42,225815281.6741686,5709.477535502446,0.0,0.0,0.0
LHS#138,24,73.68081343905506,136.97629099117665,90.35385707368565,127.97843294008022,1.0,22344.71981517344,10.0,0.0,42,182386901.5741024,8145.611892422439,0.0,0.0,0.0
LHS#139,24,81.66484512740317,196.71771459040005,271.87052669713444,169.08189949179604,1.0,24393.58566314667,10.0,0.0,42,82355011.66397779,3295.5076478821757,0.0,0.0,0.0
LHS#140,24,94.01492639952542,211.39034804164194,254.19946140777688,191.04282799369955,1.0,4699.983054165423,10.0,0.0,42,18377750.80533353,3502.092194029432,0.0,0.0,0.0
LHS#141,24,224.94515359597978,260.6568136720528,178.9433631252409,196.34007366275742,1.0,31313.042489522315,10.0,0.0,42,129491529.13432758,4098.70584351957,0.0,0.0,0.0
LHS#142,24,136.6160507627875,242.08320200110725,156.61554583884322,309.915408042454,1.0,6841.41005734829,10.0,0.0,42,37164197.0533566,5218.946665177451,0.0,0.0,0.0
LHS#143,24,89.52655570491297,255.59756741936707,262.6486744139912,201.25048178858557,1.0,8011.99008449638,10.0,0.0,42,26242419.078551307,3019.404045651177,0.0,0.0,0.0
LHS#144,24,228.79833465236982,227.2227728089845,350.3760943149082,96.57522119496049,1.0,20096.87836113609,10.0,0.0,42,32854759.329412498,1548.502938773469,0.0,0.0,0.0
LHS#145,24,149.32048243362317,182.44965659607323,275.3861158129153,176.3894216726255,1.0,35878.28304844221,10.0,0.0,42,111068112.36807108,3041.063901434307,0.0,0.0,0.0
LHS#146,24,312.53669239140544,122.88171997610162,268.1742007055864,213.23652989398934,1.0,5258.750474634969,10.0,0.0,42,19211234.137669466,3312.685477663511,0.0,0.0,0.0
LHS#147,24,369.43945797611855,316.0158981946768,253.46156730796736,306.0602692954843,1.0,34096.980377485,10.0,0.0,42,82626866.91579773,2369.15820545561,97.98864684585885,0.0,0.0
LHS#148,24,297.741969928397,109.766174187011,244.8932721325775,264.91341759834654,1.0,13344.593615165091,10.0,0.0,42,52397226.045461684,3782.6300670241726,0.0,0.0,0.0
LHS#149,24,173.8931513078121,268.72359169551095,56.454694191776724,138.9709384901574,1.0,36422.16251768335,10.0,0.0,42,259702176.89918253,7124.113997877878,0.0,0.0,0.0
LHS#150,24,392.66021678984873,120.9563804524032,354.46597934633513,161.86534047966586,1.0,29929.892878945324,10.0,0.0,42,63010279.20270832,2039.6270751871525,40.44412239956813,0.0,0.0
LHS#151,24,198.68268886751952,157.17309214490703,388.3416655273823,79.92079861155072,1.0,30740.84016048016,10.0,0.0,42,45963575.72083716,1431.1613841836993,0.0,0.0,0.0
LHS#152,24,273.0677823153522,244.22466535884368,124.41238030545033,174.52968042073945,1.0,3168.713193306873,10.0,0.0,42,16877677.94377749,5117.565639983244,0.0,0.0,0.0
LHS#153,24,293.42976832257193,284.62287418327935,112.81963350220738,425.5100096977015,1.0,30579.631233119453,10.0,0.0,42,153445720.6393991,4979.10127239831,0.0,0.0,0.0
LHS#154,24,372.8137556138601,273.0541592041168,283.8958526671439,224.52132408693635,1.0,35169.584053389706,10.0,0.0,42,78481129.44819306,2182.4340066436052,81.92163253647118,0.0,0.0
LHS#155,24,277.00798033859655,74.2555834832306,212.5997506083615,490.6036901157168,1.0,39100.65497425699,10.0,0.0,42,182195178.29970777,4588.243693359272,0.0,0.0,0.0
LHS#156,24,303.9610535949331,178.57682570733346,340.3512897067213,353.2476962478521,1.0,34320.11211339364,10.0,0.0,42,69764442.61138746,1939.8428160131605,0.0,0.0,0.0
LHS#157,24,203.32434971619782,181.69749078354155,384.0951482195362,479.40717632204553,1.0,25185.842253477138,10.0,0.0,42,39291560.21182018,1363.6984702411924,0.0,0.0,0.0
LHS#158,24,263.15317915066896,114.55022145373542,388.0111884299659,356.1060852434087,1.0,15602.570222603454,10.0,0.0,42,29551628.077716947,1642.1906249759445,0.0,0.0,0.0
LHS#159,24,77.49305815043942,127.69194266550254,189.9757311123304,473.4881132442306,1.0,17340.99202337202,10.0,0.0,42,103211866.00904883,5802.433131900218,0.0,0.0,0.0
LHS#160,24,384.233258005226,319.37467278997485,157.45802351198728,63.46462486144109,1.0,8899.097037037081,10.0,0.0,42,34091679.04800712,3786.6233399856874,143.3132769715907,0.0,0.0
LHS#161,24,97.53848552649524,66.98330559780098,229.64073190084017,323.46654853774004,1.0,36778.82075781313,10.0,0.0,42,193639689.1255922,5199.300045996022,0.0,0.0,0.0
LHS#162,24,370.20465278401923,314.80287300351523,227.68088369714107,499.0266574933299,1.0,24784.961602756855,10.0,0.0,42,70245765.70288077,2736.6578832934924,98.84124540680563,0.0,0.0
LHS#163,24,252.49381155372288,226.14707963035863,69.46137200658758,106.82799540021465,1.0,16401.381158650118,10.0,0.0,42,108032953.1596191,6572.432130647316,0.0,0.0,0.0
LHS#164,24,153.5119017225262,163.46956601124407,88.72320165660497,429.1212501936861,1.0,37976.50534390445,10.0,0.0,42,280820862.37404466,7368.046266838108,0.0,0.0,0.0
LHS#165,24,258.5335630262447,317.5917240864362,365.04167615378566,471.30368247544135,1.0,39602.808939504226,10.0,0.0,42,41950432.18607816,956.1530341226994,0.0,0.0,0.0
LHS#166,24,130.39858189616322,249.54379275083505,179.7841982360823,288.0358249764218,1.0,29386.38718969395,10.0,0.0,42,138224261.09824958,4648.192000082598,0.0,0.0,0.0
LHS#167,24,337.547235638878,183.62486670831635,167.34330214488284,398.59836481348333,1.0,4147.825067509952,10.0,0.0,42,20439024.21651906,4533.748612625032,0.8077995473264536,0.0,0.0
LHS#168,24,371.05333865572095,108.68175508017653,84.60863972243396,86.13924953561292,1.0,23234.812927747113,10.0,0.0,42,151446335.6706693,6508.079835245479,10.227467434421271,0.0,0.0
LHS#169,24,62.2926606095432,302.6987959474891,260.87401703602353,258.92799250422047,1.0,31225.129890056007,10.0,0.0,42,91684775.17159504,2859.504923294869,0.0,0.0,0.0
LHS#170,24,294.4283616391941,202.65087062339651,108.94989302886903,485.2639097289673,1.0,38794.61423425219,10.0,0.0,42,220176323.80418634,5641.074445791119,0.0,0.0,0.0
LHS#171,24,97.94875899657629,204.03076497013117,230.6808256078167,269.07632337534176,1.0,24570.79752666276,10.0,0.0,42,101707510.22769801,4052.9209328456805,0.0,0.0,0.0
LHS#172,24,51.304439771794414,205.97926695374886,146.6050311715074,351.89987654383617,1.0,2665.1605000288982,10.0,0.0,42,18542554.791091826,6396.039319977313,0.0,0.0,0.0
LHS#173,24,306.50888666007717,101.90429412090828,397.3512500528991,238.95414899541348,1.0,24088.728374790226,10.0,0.0,42,40847867.412731074,1569.9900160583593,0.0,0.0,0.0
LHS#174,24,231.3649101885573,147.70597668689254,200.90508560432878,386.8750248994636,1.0,28287.507663421275,10.0,0.0,42,127965542.12668197,4445.08724115101,0.0,0.0,0.0
LHS#175,24,146.1283869481083,299.02318658871457,196.32741750053953,240.02121873915266,1.0,9149.496539901218,10.0,0.0,42,36486956.814810686,3817.858382712082,0.0,0.0,0.0
LHS#176,24,182.2110887710344,169.71317095696804,331.0032878831098,417.36327606671284,1.0,6571.444675481328,10.0,0.0,42,18342950.613168478,2180.146853522161,0.0,0.0,0.0
LHS#177,24,349.40123506964164,296.10497947993986,251.9848115603637,468.7483003663426,1.0,8404.374206265555,10.0,0.0,42,23690541.893563524,2506.8295202744557,48.812485556243644,0.0,0.0
LHS#178,24,68.76634752493986,161.37638644002953,210.7191076276583,146.26764879877243,1.0,17453.912729452633,10.0,0.0,42,90166606.02477157,5093.073603182525,0.0,0.0,0.0
LHS#179,24,143.1494483494692,208.06714756901832,51.077120606057946,434.2536957124578,1.0,19855.233113121718,10.0,0.0,42,159059370.16208136,7982.5672411267105,0.0,0.0,0.0
LHS#180,24,138.21664114833476,192.31515603924734,364.16133751649,180.1874150124662,1.0,23009.31528751734,10.0,0.0,42,39222724.055088304,1587.0377101644644,0.0,0.0,0.0
LHS#181,24,169.69477393905606,287.33438754757674,171.1520953951349,392.79638458595446,1.0,12785.3038290116,10.0,0.0,42,57123814.92927345,4317.114731742966,0.0,0.0,0.0
LHS#182,24,351.10264420331447,227.76309892842062,396.0694595887887,155.20072719775266,1.0,10223.059833695139,10.0,0.0,42,12522175.681083048,1014.6063712696028,28.54907048142877,0.0,0.0
LHS#183,24,354.8666873728327,229.35539718279733,373.19676256255576,236.0067161515718,1.0,31956.297922360904,10.0,0.0,42,42490602.51636697,1251.002933692262,32.82487234067901,0.0,0.0
LHS#184,24,175.14463646611063,197.96474832763144,173.78756357363977,103.25252738161515,1.0,36011.76754574284,10.0,0.0,42,177151779.03114963,4897.377248492892,0.0,0.0,0.0
LHS#185,24,301.16545794719525,250.63389242474898,324.83738266897103,262.10499480061617,1.0,26749.046313619132,10.0,0.0,42,49353306.50075705,1754.7766947095106,0.0,0.0,0.0
LHS#186,24,72.04184286058724,222.55330253065034,67.73141790838027,493.2253750360432,1.0,37875.46166975904,10.0,0.0,42,303752910.7121982,7997.1591717491165,0.0,0.0,0.0
LHS#187,24,226.26567574670125,318.2085203676947,371.9560648270083,128.15871676287367,1.0,30233.08548461263,10.0,0.0,42,28710877.86339394,884.8149723244667,0.0,0.0,0.0
LHS#188,24,177.7631043867077,79.75945169090238,138.77514377714226,429.7509539193703,1.0,39170.266832365094,10.0,0.0,42,263054024.4079114,6673.214482560613,0.0,0.0,0.0
LHS#189,24,211.9429736418122,264.8512542624454,147.13314552140693,69.33063046125761,1.0,14734.744734613598,10.0,0.0,42,70847106.0903721,4775.007396020594,0.0,0.0,0.0
LHS#190,24,110.71898804461182,229.93034868674917,370.05821513585425,431.36404077985,1.0,5033.836343169309,10.0,0.0,42,11502700.032006875,1337.7002086222924,0.0,0.0,0.0
LHS#191,24,326.84356668352996,174.67353850336403,322.41788828682746,60.383064825215456,1.0,17625.7326973179,10.0,0.0,42,40103789.41030475,2206.3180295306693,0.0,0.0,0.0
LHS#192,24,93.00093045050215,197.43312708023387,237.59310686963394,419.3859321454338,1.0,24423.165397814075,10.0,0.0,42,100251353.41737667,3979.3671256444386,0.0,0.0,0.0
LHS#193,24,87.01038976535082,50.017682874426114,333.8132123726501,317.1911191494629,1.0,11347.437204611357,10.0,0.0,42,38483790.847364776,3057.4241030439107,0.0,0.0,0.0
LHS#194,24,284.3333075459373,173.86823288485155,398.07582172499997,89.80648647941936,1.0,8810.541412062412,10.0,0.0,42,12700433.001682745,1225.258846086471,0.0,0.0,0.0
LHS#195,24,132.8492040574256,245.6357135047737,285.79025364037835,98.27370090540738,1.0,33497.20864673006,10.0,0.0,42,84451051.9855217,2475.427567722179,0.0,0.0,0.0
LHS#196,24,119.33827568716426,153.29893282075253,151.08019196706618,279.3112991572672,1.0,16072.404649484683,10.0,0.0,42,101119807.95286378,6211.462797542306,0.0,0.0,0.0
LHS#197,24,344.3563093593631,266.77205153312997,247.7434821216944,299.6954477966073,1.0,14390.313843696316,10.0,0.0,42,41182868.351547,2731.6962199967325,34.340066767453436,0.0,0.0
LHS#198,24,135.11213625376152,113.61583664705658,148.21908552180642,489.2967187861888,1.0,33637.03117200166,10.0,0.0,42,220244930.75056615,6488.109731619001,0.0,0.0,0.0
LHS#199,24,141.76989803464963,220.3942217474913,172.83081871857348,266.4343992394199,1.0,18595.70739224927,10.0,0.0,42,93874290.97498311,4969.463614069597,0.0,0.0,0.0
LHS#200,24,89.70202210154622,138.53144527405288,222.28327822355354,482.48208740746355,1.0,30836.99323529471,10.0,0.0,42,152613268.92808783,4846.335202549849,0.0,0.0,0.0
LHS#201,24,197.70461549689568,94.63373657409034,360.7808361273704,130.45770232653237,1.0,20526.256016529842,10.0,0.0,42,46596270.520498164,2161.2205574812247,0.0,0.0,0.0
LHS#202,24,257.3814534774769,308.2193211419429,206.87264867167428,307.98827478560344,1.0,20854.770446076498,10.0,0.0,42,68540225.8875379,3202.6581200057135,0.0,0.0,0.0
LHS#203,24,348.2137220714628,206.7825157790069,259.96162681167584,378.3999343568356,1.0,37091.634553793236,10.0,0.0,42,109780174.1014944,2895.1060397735887,18.91706757758942,0.0,0.0
LHS#204,24,206.2084431739011,154.680418551459,347.36146445595364,460.1359205522266,1.0,6448.651963466253,10.0,0.0,42,17346371.060268395,2002.8707717280881,0.0,0.0,0.0
LHS#205,24,107.55446779802719,292.4686999372194,162.08136336217956,347.69420055784445,1.0,25485.054328101985,10.0,0.0,42,126326885.93535398,4891.460144005783,0.0,0.0,0.0
LHS#206,24,356.4252697251218,257.96830657216395,197.15242631972043,165.00168150273157,1.0,18350.85047054809,10.0,0.0,42,66328446.47294716,3562.855301749146,43.57953650633067,0.0,0.0
LHS#207,24,333.4905519157499,117.26434695855932,305.65967836496054,244.58583981987738,1.0,14163.18153970685,10.0,0.0,42,41306644.315223016,2760.180571982908,0.0,0.0,0.0
LHS#208,24,329.4973399427497,254.4835685031168,348.8251639402483,274.4619258415514,1.0,33210.521254279745,10.0,0.0,42,49325958.12591173,1406.813812652138,15.531624972190116,0.0,0.0
LHS#209,24,397.68022095486594,166.23934890585298,282.4038282162775,166.71872964612308,1.0,14539.569459276372,10.0,0.0,42,42090010.94289896,2793.800747345904,82.18369600382908,0.0,0.0
LHS#210,24,399.68304027375495,93.13326795302788,327.557311285333,462.19409349200146,1.0,19357.941943472895,10.0,0.0,42,53246593.85639781,2570.00298916271,43.273264715304094,0.0,0.0
LHS#211,24,288.6948520325521,261.9442889187192,267.05426463580477,452.9066883940462,1.0,14106.359375123193,10.0,0.0,42,38354910.28168048,2508.52618737585,0.0,0.0,0.0
LHS#212,24,127.23067857446664,232.8541291896419,341.03011650750403,349.83632738077534,1.0,21590.73723993728,10.0,0.0,42,40587724.17200648,1705.2508180169946,0.0,0.0,0.0
LHS#213,24,394.1876177227902,68.5622006316198,261.78118949022416,73.74382236406133,1.0,35314.02579529548,10.0,0.0,42,130329660.20057942,3663.746310662029,20.467472102337922,0.0,0.0
LHS#214,24,67.4867403240001,259.38653075130867,308.8895802632747,281.2117777352272,1.0,3980.7020729599135,10.0,0.0,42,11711281.753834441,2161.621860185044,0.0,0.0,0.0
LHS#215,24,67.56183562296972,101.23822187941535,216.49751160194444,495.0236794612234,1.0,22160.098003798073,10.0,0.0,42,124082919.04953887,5457.933962365771,0.0,0.0,0.0
LHS#216,24,115.47955042138074,209.45247139298047,134.55128257744212,292.5127493699475,1.0,38298.14418910468,10.0,0.0,42,237666716.65844086,6175.361284990228,0.0,0.0,0.0
LHS#217,24,159.6050224176399,77.335266338287,375.74507906566316,458.0841176644179,1.0,3501.6839845260934,10.0,0.0,42,12357335.76860218,2070.300657734705,0.0,0.0,0.0
LHS#218,24,145.35597207909223,218.39155797089666,74.78951390938828,409.03999591457796,1.0,17114.90177584489,10.0,0.0,42,125945859.51791894,7312.021642958957,0.0,0.0,0.0
LHS#219,24,254.9625666608391,139.7303465945518,240.25366279251176,57.504698431186746,1.0,12073.22608514841,10.0,0.0,42,45766906.42525208,3717.1839729803596,0.0,0.0,0.0
LHS#220,24,215.29313483536265,146.75376961352117,344.30752135930356,253.6826097905813,1.0,15466.982190767043,10.0,0.0,42,35192316.02137777,2087.583719805271,0.0,0.0,0.0
LHS#221,24,124.67181070402796,106.48470349110896,235.07717360617573,344.6813095559937,1.0,5110.477532274046,10.0,0.0,42,25811754.850940622,4540.471684046364,0.0,0.0,0.0
LHS#222,24,60.30048739991703,244.68953202925928,144.40155496225776,334.36571486100934,1.0,28593.91931621276,10.0,0.0,42,174777684.8045388,6063.1307964027355,0.0,0.0,0.0
LHS#223,24,194.84522200370068,131.19617699015848,82.84468210315242,330.1595309993845,1.0,17858.486425699266,10.0,0.0,42,134042557.74902269,7464.448475746707,0.0,0.0,0.0
LHS#224,24,346.2284026052349,63.37411369189173,357.91734121247464,343.95422340324177,1.0,29085.604971644774,10.0,0.0,42,70975224.36555934,2326.4276208434694,0.0,0.0,0.0
LHS#225,24,161.5269959302206,118.22787007690596,328.3960650236802,144.7522014525727,1.0,27335.445507692286,10.0,0.0,42,71650168.22425725,2541.611796285679,0.0,0.0,0.0
LHS#226,24,109.9458270271576,283.43097063947926,299.5160468035801,264.18858108351094,1.0,7469.224733641704,10.0,0.0,42,18068533.15456061,2048.550401722394,0.0,0.0,0.0
LHS#227,24,259.44032554720616,141.60809873311626,307.72151763563136,193.31855451957048,1.0,39262.69588520571,10.0,0.0,42,105327005.27989648,2629.508024774854,0.0,0.0,0.0
LHS#228,24,346.429044574502,278.7537606130972,161.5301443645288,322.3901489762758,1.0,2945.9733572426876,10.0,0.0,42,13073996.558767121,4014.6015952519792,40.26367836373504,0.0,0.0
LHS#229,24,122.08638811658594,164.68764093963762,225.6693315270086,133.3385125689352,1.0,7073.574137774419,10.0,0.0,42,31844318.1238693,4313.718093299547,0.0,0.0,0.0
LHS#230,24,334.0758617220562,290.36821425411847,204.7845104596761,209.51425466207039,1.0,18973.942535489525,10.0,0.0,42,63106285.0551736,3263.8095236723257,31.643337371125824,0.0,0.0
LHS#231,24,139.1031682785465,43.48670718509489,264.83632523025574,56.916526971666514,1.0,9506.728949191216,10.0,0.0,42,41870438.338172354,4279.129515459923,0.0,0.0,0.0
LHS#232,24,61.023685867043554,274.7567006057126,118.02357817311444,150.5317695286543,1.0,13224.342325728812,10.0,0.0,42,85805120.71721873,6443.539700097798,0.0,0.0,0.0
LHS#233,24,382.4194984588848,201.07117484054052,383.49301889533984,411.4671188538283,1.0,11984.271514448377,10.0,0.0,42,18817428.13566213,1264.1225628507082,62.70708139884306,0.0,0.0
LHS#234,24,390.07309095447465,236.76783098258062,104.99885294680465,143.3684732629635,1.0,13534.101193927318,10.0,0.0,42,70304971.66006556,5165.035137012772,103.0781615966493,0.0,0.0
LHS#235,24,383.12861884437825,145.53795475242538,106.02066694384803,487.59297773265513,1.0,25396.108560927896,10.0,0.0,42,148117039.41231996,5786.1514531492285,34.816551465994394,0.0,0.0
LHS#236,24,250.8511566148652,286.93286623010925,333.2488385946176,248.31280429136697,1.0,2040.418960732465,10.0,0.0,42,5470309.30090179,1457.9510956488116,0.0,0.0,0.0
LHS#237,24,362.7194775288981,61.821616255063894,136.1981066198829,107.0126550861645,1.0,18257.198340663308,10.0,0.0,42,107524634.59508486,5861.978711312781,0.0,0.0,0.0
LHS#238,24,101.38807148835366,154.82625895263894,168.4011964175084,246.52670923155532,1.0,7866.532082548249,10.0,0.0,42,47889656.34763177,5917.852857760196,0.0,0.0,0.0
LHS#239,24,377.7018311299056,130.38524084347233,264.1309819422678,466.1388117729529,1.0,21793.874728671562,10.0,0.0,42,74034900.69818422,3266.042394009011,23.851378870670317,0.0,0.0
LHS#240,24,305.06603502792257,90.5184768600086,71.089069693558,257.5832236912147,1.0,30373.57654580482,10.0,0.0,42,221122852.74730763,7263.741584439657,0.0,0.0,0.0
LHS#241,24,322.3113099293974,233.41284166187307,73.68538366789022,109.91233101415665,1.0,38182.26500705063,10.0,0.0,42,229928042.52766076,6015.575372392676,1.5735423422274835,0.0,0.0
LHS#242,24,246.7094491357261,168.69716407103047,78.80821894251174,433.1785901758176,1.0,33939.68188627169,10.0,0.0,42,233852440.5558875,6863.900484271297,0.0,0.0,0.0
LHS#243,24,253.33560500221205,316.5494487889113,96.36466008268687,314.17544084886396,1.0,22026.984264335668,10.0,0.0,42,116703843.99833561,5261.670841042993,0.0,0.0,0.0
LHS#244,24,281.0542952235746,48.74580786778598,323.64599907113984,182.38591626396345,1.0,33355.56842342044,10.0,0.0,42,99547917.81435229,2919.4861905578355,0.0,0.0,0.0
LHS#245,24,208.13312884074992,83.29694367873947,246.18172040401907,231.68083306956544,1.0,10687.45052222584,10.0,0.0,42,45796234.9861743,4099.789803772269,0.0,0.0,0.0
LHS#246,24,338.83564610786874,180.07287934476219,203.00133054463365,289.91597662558155,1.0,7573.339176287778,10.0,0.0,42,31619278.790542334,3971.912246906298,0.9546145933989578,0.0,0.0
LHS#247,24,321.3387907836606,50.70724522921409,248.6871633940717,285.1243421014668,1.0,26056.297812427216,10.0,0.0,42,107909733.4581928,4063.011671438185,0.0,0.0,0.0
LHS#248,24,316.4562295460174,186.54029519578762,205.9054441494556,234.2750633189516,1.0,37684.02975574479,10.0,0.0,42,148705930.60401544,3909.538833212777,0.0,0.0,0.0
LHS#249,24,260.9552763695011,81.52784142120811,85.33011945362759,204.1783318202698,1.0,16675.79828834463,10.0,0.0,42,122527157.42773344,7317.289349016048,0.0,0.0,0.0
LHS#250,24,307.17161435202223,200.07845553590755,193.95478057316387,354.7501300923872,1.0,10509.343966719793,10.0,0.0,42,44108925.19065286,4026.760521012707,0.0,0.0,0.0
LHS#251,24,204.66906751086856,149.6750698004219,59.26346505266318,140.69567961617537,1.0,39917.26168131056,10.0,0.0,42,311786721.6532533,7804.755334102272,0.0,0.0,0.0
LHS#252,24,280.94646808570474,216.54465849825004,183.06197680244,63.63827232027242,1.0,10396.888262863991,10.0,0.0,42,43658021.27794952,4141.704210802507,0.0,0.0,0.0
LHS#253,24,328.3782405543781,142.61514445082742,149.66765845587855,446.73171410608524,1.0,36481.29555415678,10.0,0.0,42,189417402.8742082,5146.564037566196,0.0,0.0,0.0
LHS#254,24,243.32409066544034,115.03529357285758,142.30891751535722,60.63032458290978,1.0,11008.68918435297,10.0,0.0,42,64705121.33642931,5837.288557941157,0.0,0.0,0.0
LHS#255,24,196.21854145582518,41.1589818737026,293.8398185476483,137.55177754598836,1.0,6219.824673961392,10.0,0.0,42,23838352.578851692,3535.3852119089356,0.0,0.0,0.0
LHS#256,24,282.94939217898525,98.01829342337157,75.99286114730498,184.67298813588744,1.0,26982.926143292323,10.0,0.0,42,195783995.30411103,7240.7967689395355,0.0,0.0,0.0
LHS#257,24,249.66274418186873,106.14155662550226,51.538289583579264,205.54612571317585,1.0,30028.87134549797,10.0,0.0,42,240835676.55910614,8010.60937488937,0.0,0.0,0.0
LHS#258,24,165.28449003474094,107.53396173957282,207.93204781269284,198.29031418932829,1.0,11752.86629318574,10.0,0.0,42,58983224.26357394,4890.69333180594,0.0,0.0,0.0
LHS#259,24,54.73682843410177,270.74857604745347,249.62855845378473,194.05701496605207,1.0,31808.009118648057,10.0,0.0,42,109865763.90777014,3394.3626403341777,0.0,0.0,0.0
LHS#260,24,308.4079049652043,237.16354770218655,366.3752001949983,96.26469500476952,1.0,27547.012040176967,10.0,0.0,42,37234578.95727497,1291.1520489641512,0.0,0.0,0.0
LHS#261,24,380.21148573008577,61.4012075300756,251.0892576249516,172.5333639595178,1.0,30348.27291961709,10.0,0.0,42,119563298.5097997,3894.4135491559828,4.189823772004502,0.0,0.0
LHS#262,24,365.9532891658614,175.5295408728593,316.6238906938012,219.24441267598556,1.0,15383.05268725695,10.0,0.0,42,36969355.20904219,2271.6644442557017,26.612045698637758,0.0,0.0
LHS#263,24,100.64976069954454,247.18217184033998,317.3189290419927,214.20978701564226,1.0,9912.595891084227,10.0,0.0,42,22455404.25556224,1999.1422090608044,0.0,0.0,0.0
LHS#264,24,217.04697685744,140.3896678194099,300.4087866897658,366.4529943552333,1.0,19560.7153550369,10.0,0.0,42,57851830.011946514,2791.6816986833496,0.0,0.0,0.0
LHS#265,24,264.32954047815304,45.07635485163033,195.82797301709314,321.37547784948526,1.0,30994.814540847885,10.0,0.0,42,161598487.0582974,5153.485523475594,0.0,0.0,0.0
LHS#266,24,230.17254709350277,248.89010729545083,343.7125865762814,84.69133050192147,1.0,4596.097324727569,10.0,0.0,42,8587575.13305641,1521.6604198255454,0.0,0.0,0.0
LHS#267,24,236.8209711138437,190.83175737020412,99.27472360174646,163.27941138278368,1.0,32987.20336473087,10.0,0.0,42,207222681.71676075,6266.545941157279,0.0,0.0,0.0
LHS#268,24,324.58174559201615,191.59630043966195,88.39866104892164,328.7206727453448,1.0,18179.138647339954,10.0,0.0,42,110035955.61481337,6012.578737315506,0.0,0.0,0.0
LHS#269,24,219.6908015783589,126.49914574151757,319.9516179873695,219.76357510012681,1.0,6429.07030134916,10.0,0.0,42,18980999.772702016,2568.132423858642,0.0,0.0,0.0
LHS#270,24,188.6776482016662,293.5727678848241,363.2391461315394,271.1345036159412,1.0,5539.802795546562,10.0,0.0,42,9053927.35363764,1083.8157567316998,0.0,0.0,0.0
LHS#271,24,87.47576051511723,263.4231867242216,77.77612451511541,360.693820682222,1.0,27935.95773198097,10.0,0.0,42,204796880.02342978,7304.2424983009205,0.0,0.0,0.0
LHS#272,24,183.90283424418695,80.80856647510726,176.9111272804758,380.02108635821907,1.0,21736.98614405505,10.0,0.0,42,125960927.65961917,5703.267107219711,0.0,0.0,0.0
LHS#273,24,245.4861033239824,214.79754822367073,355.4886167135958,82.43306989157928,1.0,27593.290273122417,10.0,0.0,42,44188489.92727274,1541.7414495886132,0.0,0.0,0.0
LHS#274,24,228.49899101563236,58.060568858284974,312.8898217901401,136.87851826604185,1.0,37479.44103115578,10.0,0.0,42,117729214.86827257,3090.6894027901362,0.0,0.0,0.0
LHS#275,24,191.1406950050596,212.65633362655785,337.6017525223683,345.72636542967285,1.0,5703.499709348598,10.0,0.0,42,13877289.045785226,1821.5768002262723,0.0,0.0,0.0
LHS#276,24,63.709539475752536,300.1809410073889,129.75813989790208,160.3310041947638,1.0,34609.49868198528,10.0,0.0,42,206029221.6471121,5932.70290813592,0.0,0.0,0.0
LHS#277,24,163.70994131950246,184.91215500779478,53.34089151266495,336.98842583805634,1.0,13740.363559767022,10.0,0.0,42,109899333.19572629,7964.40235352592,0.0,0.0,0.0
LHS#278,24,215.92276113535544,295.3939510525927,367.78821197710624,207.42508837397884,1.0,28088.827448488908,10.0,0.0,42,31191282.88045717,1019.8057447789383,0.0,0.0,0.0
LHS#279,24,343.0758200534167,304.59967013770154,53.759879267819954,472.77616755624973,1.0,26373.3523858515,10.0,0.0,42,154091537.8726693,5821.133147942263,45.21723227243638,0.0,0.0
LHS#280,24,214.42776439540532,132.96324674865696,242.36751764746737,199.3186724535661,1.0,5942.358148809834,10.0,0.0,42,24342402.805122294,3805.08068706798,0.0,0.0,0.0
LHS#281,24,157.05006712025474,44.37144298181361,238.48170275772773,300.9285562851744,1.0,10764.672629414688,10.0,0.0,42,53465830.0608809,4744.256714964395,0.0,0.0,0.0
LHS#282,24,386.65022747106644,309.35934827271274,141.7928640712626,152.2716725161709,1.0,35796.2967833588,10.0,0.0,42,147222664.61346668,4096.824113059896,141.46502120073495,0.0,0.0
LHS#283,24,75.38733213364372,45.99694512778323,277.60124218614624,340.59316002386714,1.0,2514.2840596155356,10.0,0.0,42,14224045.636529453,4386.981723533285,0.0,0.0,0.0
LHS#284,24,143.4809803777935,116.0984040034344,107.80059682967624,363.2870435408206,1.0,7279.779665594476,10.0,0.0,42,54767444.045813486,7374.960980301414,0.0,0.0,0.0
LHS#285,24,85.6013345958135,277.3700725323223,128.67755895077946,383.8979051882686,1.0,26591.36416162207,10.0,0.0,42,160453441.51754156,5981.986049785471,0.0,0.0,0.0
LHS#286,24,265.0312674592841,217.71761126844336,315.88266149323294,297.4859840114338,1.0,20250.62631467325,10.0,0.0,42,44706901.65319854,2074.403608855532,0.0,0.0,0.0
LHS#287,24,278.4852755432101,165.66823175144592,385.424958039092,441.8181154537969,1.0,39846.68283643531,10.0,0.0,42,60283474.31762304,1403.18514334139,0.0,0.0,0.0
LHS#288,24,390.8998281108814,54.304728195688625,198.31470696930043,373.5272450506353,1.0,37374.58999422366,10.0,0.0,42,180127299.21817422,4771.28386702725,12.597384298085558,0.0,0.0
LHS#289,24,168.50363871572495,93.45669102194591,185.65281614162203,464.93345776368153,1.0,5305.724170370302,10.0,0.0,42,31693097.28329826,5504.979865078254,0.0,0.0,0.0
LHS#290,24,235.74459127785374,253.49912893967561,303.78024457085826,441.25386417845834,1.0,15758.190944232478,10.0,0.0,42,35857988.233560026,2051.919580360589,0.0,0.0,0.0
LHS#291,24,65.76464102230699,60.24144413860052,110.67122693749965,122.65684206287764,1.0,3523.145540093824,10.0,0.0,42,29885241.74166037,8348.356309553368,0.0,0.0,0.0
LHS#292,24,374.7642771598324,145.38405640748556,159.8209553808242,142.46957900771747,1.0,31656.769694510735,10.0,0.0,42,154353245.94944522,4854.026647124316,25.734387995151224,0.0,0.0
LHS#293,24,342.4467338113563,162.90224365247616,277.2209759895536,399.63724658978464,1.0,10912.63232237427,10.0,0.0,42,34386208.67772257,2900.535463043313,0.0,0.0,0.0
LHS#294,24,318.54874961643486,46.70350966399236,287.19554968936325,74.20161513414294,1.0,36923.5020836401,10.0,0.0,42,129482846.08363491,3474.7555798368808,0.0,0.0,0.0
LHS#295,24,112.07230268234545,252.4666920336786,280.24858454981205,413.00624437044877,1.0,21339.43017860263,10.0,0.0,42,58946202.05722781,2595.549660790633,0.0,0.0,0.0
LHS#296,24,193.181624288927,112.46178749032,199.72231440881407,396.306042364106,1.0,34455.63102098862,10.0,0.0,42,170305490.2551076,4874.545364568017,0.0,0.0,0.0
LHS#297,24,385.33556877433335,194.9993428829696,211.76872444903918,455.5670924524289,1.0,38653.78340226949,10.0,0.0,42,144730292.10867897,3688.5964702635,65.19235737612695,0.0,0.0
LHS#298,24,378.7428578956515,237.98823663376487,63.36682185952739,134.6938001161429,1.0,37048.56222845472,10.0,0.0,42,221271086.4013842,5966.603993904375,74.99824107007595,0.0,0.0
LHS#299,24,249.05791836918436,53.072246290948144,321.69057499297145,250.93292068921278,1.0,32168.384013038787,10.0,0.0,42,97855338.93108052,2958.574624715667,0.0,0.0,0.0
